county,state,base_year,5_yr_change_species,1_yr_change_species,future_5_yr_change_species,5_yr_change_pop,1_yr_change_pop,predicted_5_yr_change_species,danger_score,fips,county_state
Accomack,virginia,2023,137.83783783783784,-14.563106796116502,,2.01958196494889,0.04815940763928,143.2190932520993,0.4563758389261745,51,Accomack_51
Ada,idaho,2023,-64.28571428571429,-16.66666666666666,,11.92689711667278,1.0922844525283,198.46816719579854,0.9105145413870246,16,Ada_16
Addison,vermont,2023,-25.0,-53.84615384615385,,2.29707373959265,0.4393556117694,149.38327907973738,0.5413870246085011,50,Addison_50
Aiken,south carolina,2023,75.0,40.0,,4.53292731146244,1.66563353766329,167.24634355335334,0.756152125279642,45,Aiken_45
Alachua,florida,2023,636.231884057971,30.59125964010283,,6.376394359701091,0.68757679349108,157.28367252137105,0.6577181208053692,12,Alachua_12
Alameda,california,2023,35.37414965986394,-28.158844765342963,,-2.67393667699411,-0.37285223051123,121.35726387334783,0.15883668903803133,6,Alameda_6
Alfalfa,oklahoma,2023,138.88888888888889,138.88888888888889,,-1.59583694709453,-0.28124450694322,128.71769844354247,0.24384787472035793,40,Alfalfa_40
Allegan,michigan,2023,400.0,66.66666666666666,,4.06748995075657,0.53508121032236,151.8841641200493,0.5816554809843401,26,Allegan_26
Allegany,maryland,2023,50.0,28.57142857142857,,-5.170493790614731,0.010406446050010001,113.61610871804564,0.116331096196868,24,Allegany_24
Allegheny,pennsylvania,2023,300.0,166.66666666666669,,0.61974186732562,-0.63118355028577,133.76332016089694,0.29977628635346754,42,Allegheny_42
Alpena,michigan,2023,300.0,-20.0,,1.83201803833145,0.24624562133666,140.02064170341504,0.407158836689038,26,Alpena_26
Alpine,california,2023,600.0,-33.33333333333333,,4.775022956841131,-4.11764705882352,119.44074110097579,0.1476510067114094,6,Alpine_6
Amador,california,2023,-90.0,-90.90909090909092,,6.10582413399314,0.7663943315739999,168.9906026158983,0.7740492170022372,6,Amador_6
Andrews,texas,2023,100.0,100.0,,3.6255621564599396,1.85549006767081,165.3062059262541,0.7427293064876958,48,Andrews_48
Angelina,texas,2023,100.0,-33.33333333333333,,0.58633797949544,0.22381892475092,138.2079733905667,0.38031319910514544,48,Angelina_48
Anne Arundel,maryland,2023,11.11111111111111,0.0,,3.31159658258662,0.20814127315044,153.0760463597909,0.5995525727069351,24,Anne Arundel_24
Anoka,minnesota,2023,550.0,44.44444444444444,,5.37572041726907,0.90298774342468,156.30316587594118,0.6353467561521253,27,Anoka_27
Appling,georgia,2023,0.0,0.0,,-0.37244953038972,0.10847751803438001,136.13928221494143,0.3422818791946309,13,Appling_13
Aransas,texas,2023,102.32312565997887,39.54843408594319,,8.22315107054508,1.646436726355,183.11684869561685,0.8590604026845637,48,Aransas_48
Arapahoe,colorado,2023,-25.0,200.0,,0.6541914123569099,-0.031694320469190004,145.38256036421217,0.48322147651006714,8,Arapahoe_8
Archuleta,colorado,2023,-40.0,50.0,,3.34304442825928,1.4296947601687,163.13008231059482,0.7315436241610739,8,Archuleta_8
Arlington,virginia,2023,-33.33333333333333,-33.33333333333333,,-0.78932316491897,0.20712262172732998,134.75958282186983,0.31543624161073824,51,Arlington_51
Armstrong,pennsylvania,2023,-33.33333333333333,0.0,,-1.9555637164891602,-0.9736646884272899,123.01693339291921,0.18120805369127516,42,Armstrong_42
Aroostook,maine,2023,500.0,50.0,,0.049021064202729996,0.04307655744036,128.23098769482672,0.23937360178970918,23,Aroostook_23
Ashtabula,ohio,2023,0.0,0.0,,-0.76034717739043,-0.11860561056105,132.98654899955307,0.28635346756152125,39,Ashtabula_39
Athens,ohio,2023,700.0,0.0,,-4.29341107159755,2.99765115553292,121.56213408645752,0.1610738255033557,39,Athens_39
Atlantic,new jersey,2023,66.20111731843575,-14.26512968299711,,4.251692305361201,-0.0613692979207,154.10085796639984,0.6062639821029083,34,Atlantic_34
Avery,north carolina,2023,850.0,11.76470588235294,,0.18827019625740998,0.11401858502935,120.90050930380721,0.15659955257270694,37,Avery_37
Baldwin,alabama,2023,120.0,-15.38461538461538,,16.365013426361568,2.82966442354105,225.3073412602784,0.9552572706935123,1,Baldwin_1
Baltimore,maryland,2023,300.0,180.0,,2.03464599648007,-0.15165735603189,143.42930639184885,0.45861297539149887,24,Baltimore_24
Bandera,texas,2023,114.79820627802691,1.2684989429175402,,-0.68006318006318,2.33725135623869,146.18184772952316,0.4899328859060403,48,Bandera_48
Bannock,idaho,2023,0.0,-50.0,,4.29886701894455,0.8647140864713999,160.58263501790827,0.7002237136465325,16,Bannock_16
Barbour,alabama,2023,0.0,0.0,,-1.15390800900611,-0.46558704453440997,129.0640600604237,0.2483221476510067,1,Barbour_1
Barnstable,massachusetts,2023,33.86581469648562,4.22885572139303,,8.55572888120634,-0.14779513784158,174.0521764088795,0.8120805369127517,25,Barnstable_25
Barry,michigan,2023,16.66666666666666,33.33333333333333,,4.20865247995296,0.64035834831708,160.49998750759633,0.697986577181208,26,Barry_26
Barton,kansas,2023,-69.23076923076923,-84.0,,-4.4441033119699105,-0.63452789528294,112.61694375590407,0.10738255033557047,20,Barton_20
Bastrop,texas,2023,14.28571428571428,60.0,,27.92655465096137,4.11955449034259,289.3890939755987,0.9932885906040269,48,Bastrop_48
Bay,florida,2023,400.0,-16.66666666666666,,2.43180841924398,3.0014578046541702,157.77486528720183,0.6666666666666666,12,Bay_12
Bayfield,wisconsin,2023,100.0,100.0,,11.5998935179023,0.66030373972027,193.7198166757866,0.8881431767337807,55,Bayfield_55
Beaufort,north carolina,2023,300.0,0.0,,-5.47220333219993,0.18243243243243001,107.29938417312572,0.087248322147651,37,Beaufort_37
Bedford,pennsylvania,2023,50.0,200.0,,-1.54697051607269,-0.14972269669555,133.16307248150716,0.2930648769574944,42,Bedford_42
Bennington,vermont,2023,33.33333333333333,300.0,,4.68186936936936,-0.42846048790938,162.26110683940976,0.7181208053691275,50,Bennington_50
Bergen,new jersey,2023,0.0,180.0,,2.67148076362326,0.44004446588501,156.34710063974256,0.6375838926174496,34,Bergen_34
Berkeley,south carolina,2023,1800.0,80.95238095238095,,15.387780199112038,4.19061693719585,196.01321366628935,0.901565995525727,45,Berkeley_45
Bernalillo,new mexico,2023,-22.64150943396226,41.10898661567878,,-0.95098475887639,-0.20372772703159,133.10441735880002,0.28859060402684567,35,Bernalillo_35
Bexar,texas,2023,93.25842696629212,-2.27272727272727,,5.3751614562381,1.3342452228943802,167.53518558539866,0.7583892617449665,48,Bexar_48
Bibb,alabama,2023,1900.0,0.0,,-2.23096526132248,-0.5367051760211,83.35735071161994,0.03131991051454139,1,Bibb_1
Black Hawk,iowa,2023,300.0,300.0,,-0.9504794151363001,0.32217882077938004,135.93791924678024,0.3400447427293065,19,Black Hawk_19
Bladen,north carolina,2023,12.5,80.0,,-11.06150644022804,0.31642339491681,91.11962363219953,0.0447427293064877,37,Bladen_37
Blaine,idaho,2023,511.1111111111111,-9.83606557377049,,9.96881999033858,0.56222641660977,174.3061607016331,0.814317673378076,16,Blaine_16
Blair,pennsylvania,2023,400.0,150.0,,-1.8203635829326599,-0.38183113290373,121.80482735839195,0.16554809843400448,42,Blair_42
Blanco,texas,2023,117.04545454545455,-4.02010050251256,,12.01923076923077,5.13254371122391,220.4203616920517,0.9485458612975392,48,Blanco_48
Boise,idaho,2023,116.66666666666667,1200.0,,11.260613977792291,1.877990430622,226.72523602109231,0.959731543624161,16,Boise_16
Bosque,texas,2023,270.0,85.0,,1.97004670137956,1.54487624953226,151.94918576359746,0.5838926174496645,48,Bosque_48
Boulder,colorado,2023,48.57142857142857,20.93023255813953,,0.6761418943062301,-0.15519079608601,138.7008839544397,0.38478747203579416,8,Boulder_8
Brazoria,texas,2023,175.0,266.66666666666663,,8.146397135166051,2.7571000994245702,193.762353049428,0.8903803131991052,48,Brazoria_48
Brazos,texas,2023,700.0,-20.0,,8.380687480346,1.1457812351455499,166.5210175781364,0.7472035794183445,48,Brazos_48
Brevard,florida,2023,217.6470588235294,74.19354838709677,,8.19485116842489,2.10430516864407,184.23898565247117,0.8680089485458613,12,Brevard_12
Bristol,massachusetts,2023,112.41830065359476,16.48745519713261,,3.14647256121341,0.36171137605563003,151.54149296878845,0.5727069351230425,25,Bristol_25
Bronx,new york,2023,316.66666666666663,25.0,,-5.2797769967886,-1.83325035026573,95.91747742622007,0.06263982102908278,36,Bronx_36
Broward,florida,2023,-37.903225806451616,37.5,,0.84394126325017,0.80343563500538,147.65738130524957,0.5055928411633109,12,Broward_12
Brunswick,north carolina,2023,129.41176470588235,-40.909090909090914,,16.86440677966101,4.61453946163706,237.79727834735297,0.970917225950783,37,Brunswick_37
Bryan,georgia,2023,150.0,400.0,,30.68919309493155,3.1544236592143995,301.37031318944946,0.9955257270693513,13,Bryan_13
Bullock,alabama,2023,50.0,200.0,,-2.72262630233929,-2.42531795326826,113.75369457587126,0.1185682326621924,1,Bullock_1
Burlington,new jersey,2023,250.0,-17.64705882352941,,5.49123655128219,0.6577973443524,160.14067025726797,0.6890380313199105,34,Burlington_34
Burnet,texas,2023,288.88888888888886,120.7207207207207,,14.0397938492734,2.7089238495634103,213.8969581659839,0.9373601789709173,48,Burnet_48
Burnett,wisconsin,2023,800.0,28.57142857142857,,11.17471055027969,0.6121968448316399,174.84264682162586,0.8187919463087249,55,Burnett_55
Butte,california,2023,202.1276595744681,16.39344262295081,,-10.05778439604235,-0.09499973477231001,87.46117682538262,0.035794183445190156,6,Butte_6
Calaveras,california,2023,71.83098591549296,84.84848484848484,,1.89723839117685,0.01933155769395,146.36428519426178,0.49217002237136465,6,Calaveras_6
Caledonia,vermont,2023,50.0,200.0,,1.23693610265908,0.07519534442737001,147.06897037397778,0.5011185682326622,50,Caledonia_50
Calvert,maryland,2023,400.0,-54.54545454545454,,2.89252158800847,0.1787243942935,141.38110964997128,0.43847874720357943,24,Calvert_24
Camden,georgia,2023,300.0,71.42857142857143,,8.32603306555329,2.0133050148321,182.44267579580173,0.8523489932885906,13,Camden_13
Cape May,new jersey,2023,64.08839779005525,-17.5,,2.34082599571641,-0.8332896598710701,140.68691480276289,0.4250559284116331,34,Cape May_34
Carbon,montana,2023,-27.77777777777778,-78.68852459016394,,6.80946590590216,1.6286934852260502,176.48516299325843,0.825503355704698,30,Carbon_30
Carteret,north carolina,2023,246.66666666666669,33.33333333333333,,0.25490365505918,0.41687101520353,136.45261626408023,0.3534675615212528,37,Carteret_37
Catron,new mexico,2023,500.0,200.0,,7.62521102982554,0.84365937252834,170.97110819421528,0.7941834451901566,35,Catron_35
Cattaraugus,new york,2023,-50.0,-75.0,,-1.46755988843416,-0.59171597633136,126.07239066540474,0.21252796420581654,36,Cattaraugus_36
Centre,pennsylvania,2023,400.0,66.66666666666666,,-2.9557013794503098,0.16631435953101,118.03580625749724,0.13646532438478748,42,Centre_42
Chaffee,colorado,2023,232.25806451612905,63.49206349206349,,2.87410807843919,1.7369849494201801,157.47294796836044,0.6599552572706935,8,Chaffee_8
Champaign,illinois,2023,0.0,-83.33333333333334,,-2.03603311769357,-0.25464546076277,124.33956149145712,0.20134228187919462,17,Champaign_17
Charles,maryland,2023,100.0,300.0,,6.5006564443013195,1.09457942167173,178.4702643188188,0.8366890380313199,24,Charles_24
Charles City,virginia,2023,0.0,-50.0,,-5.57142857142857,0.6394640682095001,114.8315767649823,0.12527964205816555,51,Charles City_51
Charleston,south carolina,2023,35.59322033898305,-32.773109243697476,,4.46676940195262,1.19637534279241,163.06664761651427,0.727069351230425,45,Charleston_45
Charlotte,florida,2023,75.0,16.66666666666666,,11.514803975136461,1.75336406985813,198.58479689948842,0.912751677852349,12,Charlotte_12
Chatham,georgia,2023,371.42857142857144,57.14285714285714,,5.01061673917403,0.87368158790798,158.59544849919968,0.6733780760626398,13,Chatham_13
Cheboygan,michigan,2023,400.0,0.0,,2.13299874529485,0.32352488060391,140.22202517809845,0.40939597315436244,26,Cheboygan_26
Chelan,washington,2023,1350.0,163.63636363636365,,4.22790285595163,-0.051225667807790004,131.16144867462268,0.27069351230425054,53,Chelan_53
Chenango,new york,2023,300.0,300.0,,-3.21424807672041,-0.88709503356284,118.25858132022097,0.13870246085011187,36,Chenango_36
Cheshire,new hampshire,2023,66.66666666666666,400.0,,2.37414526817828,0.30982533596684003,158.2492760114545,0.6711409395973155,33,Cheshire_33
Chester,pennsylvania,2023,500.0,20.0,,5.30525622215497,0.57551798447967,154.4102504419371,0.6085011185682326,42,Chester_42
Chesterfield,south carolina,2023,83.33333333333334,-26.66666666666666,,-4.03217017937708,0.66299353009762,120.70097642373429,0.15436241610738255,45,Chesterfield_45
Chippewa,michigan,2023,50.0,200.0,,-3.1953231360615,0.15742812163393,127.66284344524954,0.22595078299776286,26,Chippewa_26
Chittenden,vermont,2023,75.0,110.00000000000001,,3.6131099033447205,0.07321811321645,154.96654198091974,0.610738255033557,50,Chittenden_50
Citrus,florida,2023,163.33333333333334,57.99999999999999,,12.87496106499099,2.57710389642356,208.95772205479437,0.9284116331096197,12,Citrus_12
Clackamas,oregon,2023,400.0,100.0,,1.8672848421822899,0.012998737940710001,139.58446037236052,0.3959731543624161,41,Clackamas_41
Clallam,washington,2023,37.52380952380952,22.58064516129032,,1.3912293764941,-0.08753411255857001,142.610225279888,0.44742729306487694,53,Clallam_53
Clatsop,oregon,2023,-39.39393939393939,-4.76190476190476,,3.5028077862556897,-1.3204648036108702,145.40222393440843,0.4854586129753915,41,Clatsop_41
Clear Creek,colorado,2023,254.23728813559322,52.0,,-4.75843398583923,-2.34867086580548,97.05951636000603,0.06487695749440715,8,Clear Creek_8
Coconino,arizona,2023,-24.73118279569892,133.33333333333331,,1.3674985791766898,0.17264930004228998,148.19457207856345,0.5234899328859061,4,Coconino_4
Coffee,alabama,2023,0.0,0.0,,7.10875842155919,1.46425966447848,178.17298400187076,0.8344519015659956,1,Coffee_1
Colbert,alabama,2023,20.0,200.0,,6.10319249509126,0.63455934336902,173.04650592979075,0.8031319910514542,1,Colbert_1
Colleton,south carolina,2023,200.0,12.5,,3.179743072513,0.7620528771384101,152.21375862031465,0.5883668903803132,45,Colleton_45
Collier,florida,2023,922.222222222222,76.92307692307693,,6.903471963321089,1.7091135954276,161.05971020645336,0.7114093959731543,12,Collier_12
Collin,texas,2023,692.8571428571429,101.81818181818181,,19.02326678993574,3.13754589105216,229.88668910712735,0.9664429530201343,48,Collin_48
Columbus,north carolina,2023,500.0,-14.28571428571428,,-10.207993693903509,0.09186220668996001,80.84641062136896,0.026845637583892617,37,Columbus_37
Colusa,california,2023,-39.53488372093023,67.74193548387096,,2.89009244560649,0.58423478935597,156.27708393401724,0.6331096196868009,6,Colusa_6
Comal,texas,2023,171.15384615384616,49.206349206349195,,30.90771629731134,4.96836248098771,304.44863213879626,0.9977628635346756,48,Comal_48
Conecuh,alabama,2023,800.0,200.0,,-9.09534656687276,-0.44547398431930996,81.45063939846344,0.029082774049217,1,Conecuh_1
Conejos,colorado,2023,-96.875,-66.66666666666666,,-8.06747341400806,-0.8699090549624301,95.89267031047768,0.06040268456375839,8,Conejos_8
Contra Costa,california,2023,74.22680412371135,3.04878048780487,,0.3916493339093,-0.17233943435673002,136.32598885408007,0.34675615212527966,6,Contra Costa_6
Cooke,texas,2023,100.0,100.0,,8.09302784910132,1.70507340643003,184.44726137483102,0.8747203579418344,48,Cooke_48
Coryell,texas,2023,187.03703703703704,32.47863247863248,,13.562836997096639,0.79923995012172,199.8737454921011,0.9149888143176734,48,Coryell_48
Covington,alabama,2023,533.3333333333333,-5.0,,2.70343409195464,0.9281174374385001,143.57743847404916,0.4608501118568233,1,Covington_1
Craven,north carolina,2023,-50.0,-75.0,,0.051789169223549994,1.28997793979443,144.58090303000478,0.4697986577181208,37,Craven_37
Crook,oregon,2023,-26.923076923076923,31.03448275862069,,13.12486883525708,2.17992948402016,210.9932448217363,0.9328859060402684,41,Crook_41
Crosby,texas,2023,3900.0,33.33333333333333,,-14.69465648854961,-1.50240384615384,-20.368868907060744,0.006711409395973154,48,Crosby_48
Crow Wing,minnesota,2023,200.0,-25.0,,5.417168256320029,0.61870249248718,160.44631586871068,0.6957494407158836,27,Crow Wing_27
Currituck,north carolina,2023,400.0,400.0,,16.941812259401832,1.8866099071207398,226.40616122019347,0.9574944071588367,37,Currituck_37
Cuyahoga,ohio,2023,45.454545454545446,220.00000000000003,,-0.69500482396164,-0.31576547663125004,136.55420209583335,0.3579418344519016,39,Cuyahoga_39
Dakota,minnesota,2023,-61.29032258064516,-36.84210526315789,,5.2700922266139605,0.94028045985309,167.04689890765516,0.7539149888143176,27,Dakota_27
Dane,wisconsin,2023,4000.0,2.5,,6.162768383682559,1.3366610422046,88.08600836723292,0.040268456375838924,55,Dane_55
Dare,north carolina,2023,72.05882352941177,108.92857142857142,,4.1057721200863195,0.32379498249401,158.77184828583134,0.6778523489932886,37,Dare_37
Dauphin,pennsylvania,2023,200.0,50.0,,4.46789759593157,0.18947857021618,155.37926183474255,0.6174496644295302,42,Dauphin_42
Daviess,indiana,2023,0.0,0.0,,1.13588557004627,0.47766897540004,145.20894990418162,0.4809843400447427,18,Daviess_18
DeKalb,alabama,2023,0.0,-25.0,,1.6272914420154798,0.6756194334230401,148.02492065577337,0.5123042505592841,1,DeKalb_1
Del Norte,california,2023,135.0515463917526,1.33333333333333,,-4.14924297043979,-1.92903511360283,103.67921099905622,0.08277404921700224,6,Del Norte_6
Denton,texas,2023,281.8181818181818,35.483870967741936,,17.34655734383242,3.0624079528718697,228.98350680863518,0.9642058165548099,48,Denton_48
Denver,colorado,2023,-66.66666666666666,-33.33333333333333,,0.04355929718749,0.43787046939321,140.64384859516164,0.4228187919463087,8,Denver_8
Deschutes,oregon,2023,350.0,-5.26315789473684,,8.65428206664756,0.98313178324607,174.5535976380039,0.8165548098434005,41,Deschutes_41
District of Columbia,district of columbia,2023,14.28571428571428,60.0,,-3.2178884664890504,1.19576897797,131.2893808540452,0.2751677852348993,11,District of Columbia_11
Dorchester,maryland,2023,-15.78947368421052,39.130434782608695,,2.87546933667083,0.90844919129607,157.0080746187652,0.6487695749440716,24,Dorchester_24
Douglas,colorado,2023,100.0,-33.33333333333333,,11.92953709885739,2.1197700678571096,200.9490316958663,0.9172259507829977,8,Douglas_8
DuPage,illinois,2023,-50.0,-50.0,,-0.65074354513953,-0.048933233803200006,133.73333543007487,0.2975391498881432,17,DuPage_17
Duchesne,utah,2023,350.0,157.14285714285714,,2.67763124905982,1.6631913414755202,155.95323656444708,0.6286353467561522,49,Duchesne_49
Dukes,massachusetts,2023,131.81818181818178,37.83783783783784,,20.13965029718968,-0.6821868142352799,221.53859188766876,0.9507829977628636,25,Dukes_25
Dutchess,new york,2023,16.66666666666666,16.66666666666666,,1.09240352590163,-0.15422920677802002,141.1502591713515,0.43400447427293065,36,Dutchess_36
Duval,florida,2023,100.0,65.85365853658537,,8.66176427182992,1.35799907768942,184.0000952635412,0.8657718120805369,12,Duval_12
Eagle,colorado,2023,-80.64516129032258,-57.14285714285714,,-1.02287825564676,-1.51581006193632,123.42959457512968,0.19239373601789708,8,Eagle_8
Eddy,new mexico,2023,300.0,-20.0,,4.41026174019989,0.11959536900154001,150.81990639769094,0.5592841163310962,35,Eddy_35
Edgefield,south carolina,2023,700.0,300.0,,1.75070028011204,2.40364998701732,152.4866278049111,0.5950782997762863,45,Edgefield_45
El Dorado,california,2023,73.91304347826086,-4.76190476190476,,0.77013410504021,-0.29670050366466,137.06736845101165,0.36465324384787473,6,El Dorado_6
El Paso,colorado,2023,-48.61111111111111,54.166666666666664,,4.51151471234635,0.48866048425861996,162.82561363399023,0.7248322147651006,8,El Paso_8
Elko,nevada,2023,16.39344262295081,5.97014925373134,,3.33847237290393,0.5817077011430299,155.55176635242236,0.6219239373601789,32,Elko_32
Emanuel,georgia,2023,100.0,100.0,,2.26478524350864,0.75394404253464,152.35326942220445,0.5928411633109619,13,Emanuel_13
Emery,utah,2023,300.0,0.0,,1.40957712686194,0.50530070345784,140.22737367231417,0.4116331096196868,49,Emery_49
Emmons,north dakota,2023,-75.0,-83.33333333333334,,-1.64734594264795,-0.9219422249539,123.53942683089512,0.19686800894854586,38,Emmons_38
Erath,texas,2023,-12.5,40.0,,4.67044028136323,0.8166617241143301,164.45569244995573,0.738255033557047,48,Erath_48
Erie,new york,2023,-14.28571428571428,0.0,,2.87371006516134,-0.23997730970252,148.86689175072428,0.5324384787472036,36,Erie_36
Essex,massachusetts,2023,60.671462829736214,-25.223214285714278,,2.7793037911246503,0.44513384393533,150.4743174179046,0.5525727069351231,25,Essex_25
Etowah,alabama,2023,0.0,0.0,,0.61396926255469,0.32846467061212004,141.93745429638702,0.4429530201342282,1,Etowah_1
Fairfax,virginia,2023,142.85714285714286,-2.85714285714285,,-0.5733750238362001,0.22548755429825998,132.85231092461933,0.2841163310961969,51,Fairfax_51
Fairfield,connecticut,2023,-6.66666666666666,-10.63829787234042,,-82.48251270430977,1.47524485137092,-224.46481599759454,0.0022371364653243847,9,Fairfield_9
Forrest,mississippi,2023,150.0,66.66666666666666,,4.3998291328492,0.29752744434184003,157.221988664408,0.6510067114093959,28,Forrest_28
Fort Bend,texas,2023,100.0,33.33333333333333,,16.33042796362303,3.13403133468853,228.6771334033317,0.9619686800894854,48,Fort Bend_48
Frederick,maryland,2023,100.0,-50.0,,15.081018109930449,2.03484732558948,214.16918719580298,0.9395973154362416,24,Frederick_24
Fresno,california,2023,174.54545454545453,2.0270270270270196,,2.54166036594586,0.17757266149214002,145.99956746186788,0.48769574944071586,6,Fresno_6
Galveston,texas,2023,300.0,33.33333333333333,,7.06983407230256,1.21912660505278,170.92141641772176,0.7919463087248322,48,Galveston_48
Garfield,colorado,2023,25.0,-58.333333333333336,,5.0350915395052,0.72442816756617,162.2811080475613,0.7203579418344519,8,Garfield_8
Geauga,ohio,2023,-50.0,0.0,,1.55622970887221,-0.08796640521096,144.6502507012554,0.4720357941834452,39,Geauga_39
Genesee,michigan,2023,100.0,100.0,,-1.2702612321976499,-0.09977035402302999,131.1686223852839,0.27293064876957496,26,Genesee_26
Georgetown,south carolina,2023,69.11764705882352,22.34042553191489,,5.622509319964,1.6422087862809,171.68349618938518,0.796420581655481,45,Georgetown_45
Gilchrist,florida,2023,-33.33333333333333,-81.81818181818183,,7.12644935462699,3.07862330281023,186.95091743314558,0.8791946308724832,12,Gilchrist_12
Gillespie,texas,2023,1300.0,-65.0,,3.86113399745337,0.84360568706592,130.4525147769086,0.2639821029082774,48,Gillespie_48
Gilpin,colorado,2023,20.0,500.0,,-3.04319371727748,0.67957866123003,139.6785468458865,0.3982102908277405,8,Gilpin_8
Glenn,california,2023,-53.125,-28.57142857142857,,0.57925412092823,-0.81452750352609,135.10652721941773,0.319910514541387,6,Glenn_6
Glynn,georgia,2023,56.41025641025641,-41.9047619047619,,1.40864960282436,1.20617769687004,148.7159041846275,0.5302013422818792,13,Glynn_13
Gonzales,texas,2023,50.0,50.0,,-4.09508685818776,0.57529269277351,122.48754112672299,0.17225950782997762,48,Gonzales_48
Grafton,new hampshire,2023,700.0,33.33333333333333,,3.84053689479493,0.0161063448261,140.4316306108633,0.4161073825503356,33,Grafton_33
Graham,arizona,2023,-50.0,-75.0,,4.02684563758389,1.8108289114419598,165.67640208307412,0.7449664429530202,4,Graham_4
Grand,colorado,2023,51.515151515151516,38.88888888888889,,2.73354393656115,1.27748824202364,157.2232460212317,0.6532438478747203,8,Grand_8
Grand Isle,vermont,2023,-70.58823529411765,66.66666666666666,,5.0210970464135,-0.30707610146862,160.95376965954847,0.70917225950783,50,Grand Isle_50
Grays Harbor,washington,2023,191.30434782608697,157.69230769230768,,4.72757821709732,0.32320452745940004,160.23652780178492,0.6935123042505593,53,Grays Harbor_53
Green Lake,wisconsin,2023,0.0,-50.0,,2.6261340124144503,0.70803831736776,152.09349632850862,0.5861297539149888,55,Green Lake_55
Gulf,florida,2023,200.0,-14.28571428571428,,-2.80564845782237,2.57533172102751,135.9091838084954,0.3378076062639821,12,Gulf_12
Gunnison,colorado,2023,149.55752212389382,79.61783439490446,,0.8970699598066,0.005773672055427251,140.00211857108465,0.40268456375838924,8,Gunnison_8
Hampden,massachusetts,2023,500.0,20.0,,-1.72869501353578,-0.10135472417189999,118.6008746163094,0.14317673378076062,25,Hampden_25
Hampshire,massachusetts,2023,250.0,-53.333333333333336,,0.8458535798285901,-0.009845063316063453,134.23527156248443,0.3042505592841163,25,Hampshire_25
Harford,maryland,2023,400.0,400.0,,4.238977162618849,0.31423535432026,159.56420718558456,0.6845637583892618,24,Harford_24
Harnett,north carolina,2023,-50.0,-66.66666666666666,,5.31577536922344,2.16568696832709,173.87819047224144,0.8076062639821029,37,Harnett_37
Harney,oregon,2023,293.75,425.0,,2.029621503017,-1.22145512480084,142.98470256108683,0.4519015659955257,41,Harney_41
Harris,georgia,2023,100.0,33.33333333333333,,6.05902777777777,1.09496097305347,169.86380644196666,0.785234899328859,13,Harris_13
Hawaii,hawaii,2023,92.4604783137414,6.961027258391519,,1.02386820151866,-0.2960263276548,138.10831017563066,0.37360178970917224,15,Hawaii_15
Hawkins,tennessee,2023,0.0,-66.66666666666666,,3.32727945973586,1.20373728476935,157.90732580087266,0.668903803131991,47,Hawkins_47
Hays,texas,2023,106.25,32.0,,25.94451878261026,4.22997885567979,278.51595968003244,0.9910514541387024,48,Hays_48
Haywood,north carolina,2023,300.0,-11.11111111111111,,1.7434157375989598,0.56535973808192,141.8243186116798,0.4407158836689038,37,Haywood_37
Hennepin,minnesota,2023,-78.57142857142857,-16.66666666666666,,0.06264284436671,0.13101937368443,139.4920366536866,0.39149888143176736,27,Hennepin_27
Hernando,florida,2023,625.0,81.25,,11.66164695511643,2.8376060115495196,195.8776733171518,0.8993288590604027,12,Hernando_12
Highlands,florida,2023,120.0,57.14285714285714,,2.55496364346773,1.8599324177228298,159.03282979691863,0.680089485458613,12,Highlands_12
Hillsborough,florida,2023,-40.476190476190474,-20.634920634920633,,5.76099630902274,1.4596229995513599,172.4365480609701,0.7986577181208053,12,Hillsborough_12
Hinsdale,colorado,2023,-6.66666666666666,55.55555555555556,,-5.32178217821782,-0.77821011673151,109.91668102553939,0.09395973154362416,8,Hinsdale_8
Hocking,ohio,2023,-50.0,-66.66666666666666,,-2.8811228268152402,-0.9993529369473,117.39693486756838,0.1319910514541387,39,Hocking_39
Holmes,florida,2023,0.0,-50.0,,2.57676284523993,1.48068997099679,156.66813152588344,0.6420581655480985,12,Holmes_12
Honolulu,hawaii,2023,119.77011494252874,4.215116279069759,,0.9746310179638199,-0.54481779764944,135.69333958744176,0.3288590604026846,15,Honolulu_15
Hood River,oregon,2023,100.0,-55.55555555555556,,2.0544118279107697,-1.20657374661951,135.3731902568129,0.3243847874720358,41,Hood River_41
Horry,south carolina,2023,983.3333333333334,242.10526315789474,,15.5106726144636,3.7403398695539796,215.14927082958994,0.941834451901566,45,Horry_45
Hudson,new jersey,2023,-76.47058823529412,-33.33333333333333,,4.99173278208625,0.44007454643562005,163.10102882778915,0.7293064876957495,34,Hudson_34
Humboldt,california,2023,134.31952662721892,5.74098798397863,,-1.65805466662752,-0.7106651648091,122.56200588352227,0.174496644295302,6,Humboldt_6
Huntingdon,pennsylvania,2023,0.0,0.0,,-4.14362815288027,0.50118945885396,121.63116011975502,0.16331096196868009,42,Huntingdon_42
Hyde,north carolina,2023,200.0,200.0,,-8.33664942300039,-1.05240549828178,93.85807960754427,0.053691275167785234,37,Hyde_37
Idaho,idaho,2023,100.0,-80.0,,12.23568095714684,1.32697540376566,196.24391521901606,0.9038031319910514,16,Idaho_16
Indian River,florida,2023,350.0,50.0,,8.02101954996278,1.51135609534456,176.3599285111759,0.8210290827740492,12,Indian River_12
Ingham,michigan,2023,-75.0,-33.33333333333333,,-2.3918768774947496,0.40920427406809,129.69942463391652,0.25727069351230425,26,Ingham_26
Inyo,california,2023,46.15384615384615,-34.48275862068966,,3.23749024852334,-1.1471561199445,142.72741049754418,0.44966442953020136,6,Inyo_6
Ionia,michigan,2023,400.0,-16.66666666666666,,3.08980023648017,-0.8588186007540801,136.76766354459724,0.36017897091722595,26,Ionia_26
Island,washington,2023,44.5054945054945,27.669902912621357,,2.42202619112636,-0.47876144989732006,144.79137676586046,0.4742729306487696,53,Island_53
Isle of Wight,virginia,2023,0.0,-55.55555555555556,,10.11305853078005,1.43515634732776,190.11224095126155,0.8859060402684564,51,Isle of Wight_51
Jackson,alabama,2023,633.3333333333333,388.88888888888886,,3.5760640049592203,1.0279084707971902,155.7751901507278,0.6241610738255033,1,Jackson_1
Jefferson,alabama,2023,214.28571428571428,144.44444444444443,,0.52560624419004,-0.32913135784352,136.48707765068968,0.35570469798657717,1,Jefferson_1
Johnston,north carolina,2023,0.0,66.66666666666666,,19.37076944329327,3.00252871410205,244.47843408239657,0.9776286353467561,37,Johnston_37
Josephine,oregon,2023,280.0,137.5,,0.76993689041881,0.02391799544419,138.20598000631603,0.378076062639821,41,Josephine_41
Juneau,wisconsin,2023,400.0,66.66666666666666,,0.003760388072049036,-0.67600373482726,126.1053546382505,0.21476510067114093,55,Juneau_55
Kalamazoo,michigan,2023,400.0,-16.66666666666666,,-0.93131328396554,0.50710638885055,127.1779822402303,0.2214765100671141,26,Kalamazoo_26
Kalkaska,michigan,2023,100.0,300.0,,3.84140177468269,1.34838851129138,168.09635214407535,0.7651006711409396,26,Kalkaska_26
Kane,illinois,2023,-68.25396825396825,81.81818181818183,,-3.3297041597837502,0.16396344179297,126.67981025753615,0.21700223713646533,17,Kane_17
Kauai,hawaii,2023,142.76315789473685,-2.12201591511936,,2.33205853009644,0.09216215117303,145.10064517304386,0.47874720357941836,15,Kauai_15
Kent,delaware,2023,-33.33333333333333,260.0,,6.300548896605799,1.08171156488671,179.33440691947072,0.8411633109619687,10,Kent_10
Kern,california,2023,70.46632124352331,8.94039735099337,,2.2446792084658203,-0.31971604066971,143.96416292430834,0.46308724832214765,6,Kern_6
Kerr,texas,2023,130.0,22.66666666666666,,2.86177620910044,0.24356686003272002,149.3081948060996,0.5391498881431768,48,Kerr_48
Kimble,texas,2023,3.24324324324324,8.52272727272727,,2.39741816505302,0.49773755656108004,151.14501253482518,0.5637583892617449,48,Kimble_48
Kings,california,2023,300.0,100.0,,0.85875467360716,-0.1993633445979,135.86191734695473,0.33557046979865773,6,Kings_6
Kinney,texas,2023,-10.0,42.105263157894726,,-14.73456121343445,0.5429575215586,75.55819162914216,0.02237136465324385,48,Kinney_48
Kitsap,washington,2023,28.012048192771076,18.05555555555555,,3.1127913367697,-0.055792925457049995,150.633175704422,0.5570469798657718,53,Kitsap_53
Klamath,oregon,2023,153.0612244897959,-3.125,,3.4216319234121704,-0.26641971790853003,147.52666982982458,0.5033557046979866,41,Klamath_41
Kleberg,texas,2023,-92.15686274509804,0.0,,-2.12551266193607,-1.01066631551224,123.27511868446344,0.18791946308724833,48,Kleberg_48
La Plata,colorado,2023,-33.33333333333333,-69.23076923076923,,0.19183289223609,-0.25816490725513996,135.38830176796387,0.32662192393736017,8,La Plata_8
LaSalle,illinois,2023,700.0,100.0,,-0.77868064016709,0.11832022258991,121.96552056785687,0.16778523489932887,17,LaSalle_17
Lamoille,vermont,2023,33.33333333333333,-33.33333333333333,,3.0243131053567898,-0.1647320231391,148.16953416397223,0.5212527964205816,50,Lamoille_50
Lancaster,nebraska,2023,1300.0,180.0,,3.21899869521399,0.70337880739996,132.78265309670724,0.28187919463087246,31,Lancaster_31
Larimer,colorado,2023,45.95588235294117,20.3030303030303,,5.73518507956425,0.86893358398376,167.83164336088802,0.7628635346756152,8,Larimer_8
Lassen,california,2023,8.1081081081081,-35.483870967741936,,-5.7384545038866,-3.8607594936708804,86.33251595530345,0.03355704697986577,6,Lassen_6
Lea,new mexico,2023,0.0,-62.5,,3.6782997569848797,-0.33451750687696,150.03894236512616,0.5480984340044742,35,Lea_35
Lebanon,pennsylvania,2023,100.0,100.0,,2.06100227113535,0.24322108101346,148.26707930009502,0.5257270693512305,42,Lebanon_42
Lee,alabama,2023,180.0,40.0,,11.951288067654101,1.39293185314724,196.65425744315257,0.9082774049217002,1,Lee_1
Lehigh,pennsylvania,2023,0.0,-50.0,,2.5505010058122597,0.39333039221418004,149.79998283793637,0.5458612975391499,42,Lehigh_42
Lenawee,michigan,2023,-50.526315789473685,17.5,,-0.63276306538551,-0.77330077330077,131.00536862342088,0.2684563758389262,26,Lenawee_26
Leon,florida,2023,2100.0,-15.38461538461538,,1.80211687015912,-0.12412456859142999,99.40398882160989,0.07606263982102908,12,Leon_12
Levy,florida,2023,375.0,-9.52380952380952,,14.08647482719741,2.85505933308288,209.94631879419364,0.930648769574944,12,Levy_12
Liberty,florida,2023,2200.0,15.0,,-8.55583244333689,1.22159464074609,59.84107485697477,0.015659955257270694,12,Liberty_12
Limestone,alabama,2023,1775.0,38.88888888888889,,19.21145388190523,3.41487173936573,207.86642336866183,0.9239373601789709,1,Limestone_1
Long,georgia,2023,100.0,100.0,,2.6347493583363804,6.51807556401196,189.79845292698832,0.883668903803132,13,Long_13
Los Angeles,california,2023,129.81111415275114,8.05766507916076,,-4.07548968592718,-0.5804667088144599,112.66084354966375,0.10961968680089486,6,Los Angeles_6
Lubbock,texas,2023,666.6666666666667,206.66666666666669,,4.32764354234186,1.00043743568279,153.74606934777438,0.6040268456375839,48,Lubbock_48
Luzerne,pennsylvania,2023,150.0,150.0,,2.99787012480376,0.27320395961971,152.84131566861618,0.5973154362416108,42,Luzerne_42
Lycoming,pennsylvania,2023,200.0,-40.0,,-1.00293327244304,-0.27425376435408,125.68128083662862,0.2080536912751678,42,Lycoming_42
Macomb,michigan,2023,150.0,0.0,,0.26420866297355,0.09905803359508,135.75018913841672,0.33109619686800895,26,Macomb_26
Madera,california,2023,-10.52631578947368,-22.72727272727272,,3.80923241672084,1.57738150927156,163.70800227232405,0.7360178970917226,6,Madera_6
Madison,alabama,2023,700.0,100.0,,12.42384279190417,2.22866416421996,194.39247371373688,0.8926174496644296,1,Madison_1
Manatee,florida,2023,580.0,9.67741935483871,,11.843189557465129,2.7788586780499,195.50824115715858,0.8970917225950783,12,Manatee_12
Maricopa,arizona,2023,600.0,75.0,,4.16745127604174,0.65933057686706,149.05636995449186,0.5346756152125279,4,Maricopa_4
Marin,california,2023,28.968253968253972,-24.593967517401392,,-2.0237847663501,-0.68201160239543,122.58440276525657,0.1767337807606264,6,Marin_6
Mariposa,california,2023,565.5172413793103,67.82608695652173,,-2.79230106291295,-0.78578549228874,109.36675382060761,0.09172259507829977,6,Mariposa_6
Marshall,alabama,2023,500.0,500.0,,4.7686388686700605,1.33563985999919,168.6414504333572,0.7695749440715883,1,Marshall_1
Mason,illinois,2023,-66.66666666666666,-75.0,,-7.463238010788439,-1.3859359004646001,94.55469287296242,0.05592841163310962,17,Mason_17
Matagorda,texas,2023,88.23529411764706,255.55555555555554,,-0.5660996554176,0.65610984995293,143.1396982449848,0.4541387024608501,48,Matagorda_48
Maui,hawaii,2023,92.92149292149293,1.48950575490859,,-1.67033993723498,-0.10708266660176,127.0289308255659,0.21923937360178972,15,Maui_15
Maury,tennessee,2023,0.0,-55.55555555555556,,17.48857042843656,2.55935405015,230.23335535073264,0.9686800894854586,47,Maury_47
McHenry,illinois,2023,0.0,-75.0,,1.47574541526223,0.39864166543629004,144.38244566460372,0.46756152125279643,17,McHenry_17
McIntosh,georgia,2023,-17.64705882352941,0.0,,-19.696969696969692,2.84360189573459,66.6580766509996,0.017897091722595078,13,McIntosh_13
McKean,pennsylvania,2023,100.0,-60.0,,-3.49450549450549,-0.75340917652377,113.14157001773563,0.11185682326621924,42,McKean_42
Mecklenburg,north carolina,2023,100.0,100.0,,6.39552,1.71544697681533,176.8838088084051,0.8277404921700223,37,Mecklenburg_37
Mendocino,california,2023,48.20143884892086,32.90322580645161,,1.9530668985480701,-0.9988112035730501,139.5070679768991,0.39373601789709173,6,Mendocino_6
Merced,california,2023,24.06015037593984,-22.89719626168224,,6.481464594329401,0.5892284897143399,168.84144893749564,0.7718120805369127,6,Merced_6
Merrimack,new hampshire,2023,66.66666666666666,-28.57142857142857,,4.283438433455021,0.41160943122479,156.81438880276858,0.6442953020134228,33,Merrimack_33
Mesa,colorado,2023,333.33333333333337,-37.34939759036144,,4.40010199344888,0.72541017214298,153.39484728438936,0.6017897091722595,8,Mesa_8
Miami-Dade,florida,2023,-89.95121951219512,-17.599999999999998,,-1.03088416540999,0.51667454778351,137.1912272978269,0.3691275167785235,12,Miami-Dade_12
Middlesex,connecticut,2023,-55.172413793103445,0.0,,897.0847915515442,0.44272801606141,4172.164249569579,1.0,9,Middlesex_9
Midland,michigan,2023,100.0,33.33333333333333,,0.9804981795897699,0.33069888493588,142.29873295790085,0.4451901565995526,26,Midland_26
Milam,texas,2023,700.0,60.0,,3.6174885206628002,1.28405276715322,147.96297544410592,0.5100671140939598,48,Milam_48
Milwaukee,wisconsin,2023,1500.0,100.0,,-3.24868079102906,-0.20401316663725,91.84422046533246,0.049217002237136466,55,Milwaukee_55
Mineral,colorado,2023,100.0,300.0,,22.27979274611398,1.39634801288936,251.2480547526746,0.9821029082774049,8,Mineral_8
Mobile,alabama,2023,500.0,140.0,,-0.5479478531461,0.05882381538072,127.88194510059854,0.22818791946308725,1,Mobile_1
Modoc,california,2023,-15.78947368421052,-5.88235294117647,,-3.4090909090909,-1.3806706114398402,113.43940496857076,0.11409395973154363,6,Modoc_6
Mohave,arizona,2023,80.0,-10.0,,6.875561416585441,1.25710146895724,173.88856261713147,0.8098434004474273,4,Mohave_4
Monmouth,new jersey,2023,75.67567567567568,-43.96551724137931,,3.6005602304100597,-0.22181587885034001,149.23955225317297,0.5369127516778524,34,Monmouth_34
Mono,california,2023,100.0,51.515151515151516,,-9.282788307991389,0.49223196431318,97.6344894056316,0.06935123042505593,6,Mono_6
Monroe,alabama,2023,100.0,100.0,,-8.70287721963726,-0.94271584586853,92.53687237309254,0.05145413870246085,1,Monroe_1
Monterey,california,2023,41.28943758573388,-17.79728651237031,,-0.74363405922341,-0.49920995000970003,129.37832138219875,0.2550335570469799,6,Monterey_6
Montmorency,michigan,2023,700.0,-68.0,,4.345013477088941,1.2660876844197901,147.94094249140244,0.5078299776286354,26,Montmorency_26
Montrose,colorado,2023,0.0,-85.71428571428571,,4.62019618063782,0.7966763302668499,160.7169909178395,0.7046979865771812,8,Montrose_8
Moore,north carolina,2023,66.66666666666666,-3.84615384615384,,8.19088102828804,1.33376306983534,180.71148589935518,0.843400447427293,37,Moore_37
Morgan,alabama,2023,57.75401069518716,-7.5235109717868305,,4.9747070124074,0.72606676272427,162.5852284415855,0.7225950782997763,1,Morgan_1
Mountrail,north dakota,2023,300.0,300.0,,-8.36019142494384,1.53663023482307,110.18105258546449,0.09843400447427293,38,Mountrail_38
Mower,minnesota,2023,0.0,0.0,,-0.20925713716306998,0.01997503121098,136.32318860940367,0.34451901565995524,27,Mower_27
Multnomah,oregon,2023,2500.0,-35.0,,-2.394595289418,-0.61228625042948,68.5175144001334,0.020134228187919462,41,Multnomah_41
Muskegon,michigan,2023,0.0,0.0,,1.7079591472301099,0.58391582497336,148.43915768181984,0.5279642058165548,26,Muskegon_26
Nacogdoches,texas,2023,-33.33333333333333,-75.0,,0.32841730482957,0.58620795765762,141.10045687246236,0.4317673378076063,48,Nacogdoches_48
Nantucket,massachusetts,2023,202.77777777777777,0.9259259259259199,,28.987319164136448,0.006923769300006924,263.1472705480064,0.9843400447427293,25,Nantucket_25
Napa,california,2023,122.72727272727273,-9.25925925925925,,-4.015447910136969,-0.8588226538661901,110.92320424337021,0.10514541387024609,6,Napa_6
Nassau,florida,2023,966.6666666666666,60.0,,18.11231614224539,3.75667000592889,222.77216161145716,0.9530201342281879,12,Nassau_12
New Castle,delaware,2023,300.0,-42.85714285714285,,3.7740112994350197,0.58026541319139,150.25283708803505,0.5503355704697986,10,New Castle_10
New Hanover,north carolina,2023,565.2173913043479,44.33962264150943,,2.83996968861945,1.30119092050351,147.05422211333794,0.4988814317673378,37,New Hanover_37
New York,new york,2023,91.30434782608697,-49.42528735632184,,0.20923843099389,-0.5183905007827899,131.69121586088488,0.27740492170022374,36,New York_36
Newport,rhode island,2023,60.71428571428571,25.0,,1.55668891661719,-1.0493266132363799,136.9497734446227,0.3624161073825503,44,Newport_44
Niagara,new york,2023,300.0,100.0,,-0.28706083976006,-0.47988520765725,128.97169788624925,0.24608501118568232,36,Niagara_36
Norfolk,massachusetts,2023,166.0377358490566,15.573770491803279,,3.44737852480696,0.27623509757136,151.19947699061814,0.5659955257270693,25,Norfolk_25
Nueces,texas,2023,797.1830985915493,62.9156010230179,,-2.6895858308519203,0.19881111521943,110.8894879395939,0.1029082774049217,48,Nueces_48
Oakland,michigan,2023,340.0,4.76190476190476,,1.09270832835996,-0.04712731850278,134.64135881150798,0.31096196868008946,26,Oakland_26
Ocean,new jersey,2023,12.101910828025469,-11.11111111111111,,9.59619470703832,0.53899640516545,183.07304843187393,0.854586129753915,34,Ocean_34
Okaloosa,florida,2023,300.0,-27.27272727272727,,5.5718248330385505,0.9239411634267101,160.85203270760928,0.7069351230425056,12,Okaloosa_12
Okanogan,washington,2023,1475.0,90.90909090909092,,3.7870693544174503,0.5798435342843901,128.63190117263534,0.24161073825503357,53,Okanogan_53
Oklahoma,oklahoma,2023,900.0,150.0,,2.88279759963555,0.8596832609694601,140.0075971568442,0.40492170022371365,40,Oklahoma_40
Olmsted,minnesota,2023,0.0,100.0,,5.38891518182632,0.45599746397131996,166.6697803758884,0.7494407158836689,27,Olmsted_27
Ontonagon,michigan,2023,300.0,33.33333333333333,,1.81003275297362,-0.2533355852052,138.1454046000147,0.37583892617449666,26,Ontonagon_26
Orange,california,2023,129.6037296037296,-4.1828793774319,,-1.26632058899745,-0.46397695256306,125.70749745176224,0.21029082774049218,6,Orange_6
Orleans,new york,2023,0.0,0.0,,-3.76583446070594,-0.09958379082297,119.59930187877112,0.14988814317673377,36,Orleans_36
Osceola,florida,2023,188.88888888888889,150.60240963855424,,18.815815185530973,3.6069701781830403,243.80315481725506,0.9731543624161074,12,Osceola_12
Oswego,new york,2023,100.0,0.0,,0.55056801259413,-0.06512233696157,137.0815845641821,0.3668903803131991,36,Oswego_36
Ouray,colorado,2023,103.7037037037037,14.583333333333329,,7.34135213604313,1.43053106016068,177.16459009920982,0.8299776286353467,8,Ouray_8
Outagamie,wisconsin,2023,0.0,0.0,,3.40059610764184,0.50190098247767,155.5359860413078,0.6196868008948546,55,Outagamie_55
Pacific,washington,2023,350.0,28.57142857142857,,9.63124037328984,0.43577505706578,176.38621540433715,0.8232662192393736,53,Pacific_53
Palm Beach,florida,2023,128.57142857142858,-11.11111111111111,,3.4342048829436798,0.91679074550602,155.25100494849306,0.6152125279642058,12,Palm Beach_12
Palo Pinto,texas,2023,-28.57142857142857,-6.25,,3.02348133268684,1.4494236409521801,160.17609794172205,0.6912751677852349,48,Palo Pinto_48
Park,colorado,2023,193.22033898305085,260.41666666666663,,-2.20242914979757,1.0936889682495299,136.39021118487102,0.348993288590604,8,Park_8
Parker,texas,2023,300.0,100.0,,25.65655102484247,4.55350793669924,276.7972525105455,0.9888143176733781,48,Parker_48
Pasco,florida,2023,100.0,250.0,,17.41935483870967,3.9161704761295,243.80795175841453,0.9753914988814317,12,Pasco_12
Paulding,georgia,2023,100.0,100.0,,11.64928407283012,2.46765089257243,205.161453517478,0.9217002237136466,13,Paulding_13
Pearl River,mississippi,2023,-83.33333333333334,0.0,,4.79908898649747,1.39027333298357,169.10810015084758,0.7762863534675615,28,Pearl River_28
Pender,north carolina,2023,700.0,14.28571428571428,,10.487446990341349,4.29693445766994,196.40137712892084,0.9060402684563759,37,Pender_37
Philadelphia,pennsylvania,2023,50.0,0.0,,-2.0870274666707,-1.0399301522303501,120.24178500186726,0.15212527964205816,42,Philadelphia_42
Pike,alabama,2023,25.0,25.0,,-0.31586547139161003,0.39081434803683,138.2353629478754,0.3825503355704698,1,Pike_1
Pima,arizona,2023,321.42857142857144,-9.23076923076923,,2.56696708516874,0.5376954181466,144.94404354959033,0.47651006711409394,4,Pima_4
Pinellas,florida,2023,89.58333333333334,-27.77777777777778,,-1.177935950375,-0.02037862656374,129.1238078434475,0.2505592841163311,12,Pinellas_12
Pitkin,colorado,2023,364.7058823529412,-22.926829268292682,,-7.43213173119715,-1.22870540749094,87.78598514696496,0.03803131991051454,8,Pitkin_8
Pitt,north carolina,2023,800.0,80.0,,-2.48141445078657,0.8691895628131999,116.35097571388022,0.12751677852348994,37,Pitt_37
Placer,california,2023,27.18446601941747,-46.53061224489795,,7.960390487599719,1.3124470787468199,179.32314466304558,0.8389261744966443,6,Placer_6
Plumas,california,2023,50.0,-48.57142857142857,,2.08099887946214,-1.60469063416139,134.25854118548887,0.30648769574944074,6,Plumas_6
Prince George's,maryland,2023,100.0,-66.66666666666666,,4.156795317599999,0.04751948298802,152.3295511960351,0.5906040268456376,24,Prince George's_24
Prince William,virginia,2023,200.0,-75.0,,5.02000064345233,0.53961709362397,156.9286075364268,0.6465324384787472,51,Prince William_51
Providence,rhode island,2023,1200.0,30.0,,3.71487378189599,0.48537929859573004,132.05905346004542,0.2796420581655481,44,Providence_44
Pulaski,arkansas,2023,200.0,200.0,,2.06446246408687,0.15573866951102,148.0960279830747,0.5167785234899329,5,Pulaski_5
Putnam,florida,2023,48.0,76.19047619047619,,2.58228326783085,1.63107471633483,159.73996047048598,0.6868008948545862,12,Putnam_12
Queen Anne's,maryland,2023,200.0,200.0,,4.70607003270319,1.5235885537509601,168.45761941244,0.767337807606264,24,Queen Anne's_24
Queens,new york,2023,66.66666666666666,-35.8974358974359,,-0.9851820425964,-1.15695979650287,123.22014435011039,0.18568232662192394,36,Queens_36
Ramsey,minnesota,2023,166.66666666666669,300.0,,-2.33150898570158,-0.22854888210190002,129.1502310768484,0.25279642058165547,27,Ramsey_27
Real,texas,2023,74.07407407407408,-21.66666666666666,,-17.9177451826287,0.77683615819209,59.33326705235493,0.011185682326621925,48,Real_48
Reeves,texas,2023,0.0,-82.6086956521739,,-24.12815058338168,0.66712281902155,30.80752987956606,0.008948545861297539,48,Reeves_48
Refugio,texas,2023,562.5,51.42857142857142,,-4.7714285714285705,0.42181379933714,107.62685760665104,0.0894854586129754,48,Refugio_48
Reno,kansas,2023,800.0,350.0,,-1.33801800067382,-0.08935534182479,122.24556023488596,0.17002237136465326,20,Reno_20
Rensselaer,new york,2023,100.0,-60.0,,0.01381189455246,-0.07276331223615,133.13172893669721,0.29082774049217003,36,Rensselaer_36
Riverside,california,2023,36.0,40.60150375939849,,1.90748261603924,0.73561952938295,150.52011675346637,0.5548098434004475,6,Riverside_6
Rockingham,new hampshire,2023,-2.4390243902439,-27.92792792792792,,4.022874788752031,0.33037890330472003,156.62558042155172,0.639821029082774,33,Rockingham_33
Roscommon,michigan,2023,100.0,0.0,,0.21417772551654002,0.76429355628747,140.71886526341234,0.4272930648769575,26,Roscommon_26
Routt,colorado,2023,200.0,-40.0,,-1.7367781393343,-0.03190810465858,123.88814620505703,0.19910514541387025,8,Routt_8
Rutland,vermont,2023,-44.44444444444444,-16.66666666666666,,2.85855689808178,-0.13586731396947,149.67274853442697,0.5436241610738255,50,Rutland_50
Sacramento,california,2023,91.93548387096774,-11.52416356877323,,2.95968275465866,-0.005806687789545437,148.16061239609365,0.5190156599552572,6,Sacramento_6
Sagadahoc,maine,2023,-62.5,-95.65217391304348,,5.10787335388063,0.3772878090549,161.38781841457268,0.7136465324384788,23,Sagadahoc_23
Saline,arkansas,2023,0.0,-50.0,,7.02049985959,1.69446297531687,177.96338703446793,0.8322147651006712,5,Saline_5
Salt Lake,utah,2023,-61.29032258064516,-68.83116883116884,,3.23158862427874,-0.06371310897217,150.8594975499911,0.5615212527964206,49,Salt Lake_49
San Benito,california,2023,103.2520325203252,-9.42028985507246,,10.91317292205573,0.7864819715269801,188.62995796732693,0.8814317673378076,6,San Benito_6
San Bernardino,california,2023,100.0,-25.49019607843137,,1.33185462302348,0.03202867728396,140.5622286560085,0.42058165548098436,6,San Bernardino_6
San Diego,california,2023,202.18839200761178,24.597881522165547,,-1.91633664390926,-0.21979289485825,123.47306644037016,0.19463087248322147,6,San Diego_6
San Francisco,california,2023,223.38308457711443,28.71287128712871,,-8.14219662630465,0.15028956118914,97.44548367306166,0.06711409395973154,6,San Francisco_6
San Joaquin,california,2023,107.01754385964912,14.563106796116502,,6.44180461959013,0.8399922950347,169.3854495564682,0.7807606263982103,6,San Joaquin_6
San Juan,colorado,2023,15.78947368421052,-8.33333333333333,,4.97382198952879,-0.49627791563275003,155.8658904472697,0.6263982102908278,8,San Juan_8
San Luis Obispo,california,2023,175.33333333333334,6.718346253229971,,-0.6052499700021801,-0.14430270239606,129.9603721641,0.2595078299776286,6,San Luis Obispo_6
San Mateo,california,2023,16.64564943253468,5.11363636363636,,-5.50657554954526,-0.35339518663683,109.97443150077297,0.09619686800894854,6,San Mateo_6
San Miguel,colorado,2023,-97.97979797979798,-33.33333333333333,,-3.8141809290953503,-1.7482517482517401,110.40403661212966,0.10067114093959731,8,San Miguel_8
San Patricio,texas,2023,200.0,-47.82608695652174,,5.98311109777864,0.8175553240971901,163.65682738273458,0.7337807606263982,48,San Patricio_48
San Saba,texas,2023,100.0,-35.71428571428571,,-3.54785478547854,-0.59523809523809,114.48702884714228,0.12080536912751678,48,San Saba_48
Sandoval,new mexico,2023,500.0,500.0,,7.4709158074654,1.5228162008372501,181.94624670197885,0.8501118568232662,35,Sandoval_35
Santa Barbara,california,2023,47.91666666666667,2.6011560693641598,,-1.0146260487235799,-0.59876327675343,127.90831248813566,0.232662192393736,6,Santa Barbara_6
Santa Clara,california,2023,42.2077922077922,1.38888888888888,,-2.8330979534108103,-0.03955630917807,123.29971417373268,0.19015659955257272,6,Santa Clara_6
Santa Cruz,arizona,2023,400.0,17.64705882352941,,5.95538312318137,0.9819227608874199,161.92372629242254,0.7158836689038032,4,Santa Cruz_4
Santa Rosa,florida,2023,0.0,11.11111111111111,,13.31158147187595,2.50404896089284,212.77657463697278,0.9351230425055929,12,Santa Rosa_12
Sarasota,florida,2023,275.0,-41.17647058823529,,10.01198604833356,1.3968159255608,183.92620524277243,0.8635346756152126,12,Sarasota_12
Seminole,florida,2023,180.0,-3.44827586206896,,3.44974173399242,1.18005194067146,156.0512337929128,0.6308724832214765,12,Seminole_12
Shasta,california,2023,212.0,81.3953488372093,,0.36559103884613003,-0.31557945583269,134.33457946236533,0.3087248322147651,6,Shasta_6
Shawnee,kansas,2023,0.0,0.0,,0.25720570816175997,0.11772193965201,139.026062283565,0.38926174496644295,20,Shawnee_20
Shelby,alabama,2023,-65.625,10.0,,8.07902292852404,1.28981493959562,183.09468613018106,0.8568232662192393,1,Shelby_1
Sherburne,minnesota,2023,650.0,200.0,,6.51229196410892,1.65705191963397,167.82806263572962,0.7606263982102909,27,Sherburne_27
Siskiyou,california,2023,17.07317073170731,34.57943925233644,,-1.48105625717566,-2.0120586488831997,118.48951297111304,0.14093959731543623,6,Siskiyou_6
Skagit,washington,2023,161.15107913669064,53.16455696202531,,2.80204951695545,0.0723412680282,148.07169067805899,0.5145413870246085,53,Skagit_53
Skamania,washington,2023,-66.66666666666666,-66.66666666666666,,6.0491651984226795,1.48534725010036,173.3048980312845,0.8053691275167785,53,Skamania_53
Smyth,virginia,2023,550.0,18.18181818181818,,-4.06514743547645,-0.65288356909684,103.5691025721178,0.08053691275167785,51,Smyth_51
Snohomish,washington,2023,92.90322580645162,-25.621890547263682,,3.89910203318578,0.5127003088814099,155.22995299897661,0.6129753914988815,53,Snohomish_53
Solano,california,2023,92.15686274509804,66.10169491525424,,0.7836670592854301,0.07418381099836,140.80274274941797,0.42953020134228187,6,Solano_6
Somervell,texas,2023,-22.72727272727272,0.0,,9.501661129568099,0.92885577217515,186.08549395810016,0.8769574944071589,48,Somervell_48
Sonoma,california,2023,71.42857142857143,-10.83591331269349,,-3.3753607290185497,-0.17755439027573,119.08096034202526,0.14541387024608501,6,Sonoma_6
St. Clair,alabama,2023,100.0,100.0,,7.78081079251923,1.77991286841853,183.50888633210565,0.8612975391498882,1,St. Clair_1
St. Johns,florida,2023,509.99999999999994,74.28571428571429,,26.119914583119918,4.24590975406419,271.86304083232426,0.9865771812080537,12,St. Johns_12
St. Lawrence,new york,2023,50.0,-62.5,,-1.28038254544111,-0.13913660600060998,127.90588046582326,0.23042505592841164,36,St. Lawrence_36
St. Louis,minnesota,2023,0.0,-33.33333333333333,,0.41515386734105997,0.47905871977069003,141.1508847137114,0.436241610738255,27,St. Louis_27
St. Mary's,maryland,2023,700.0,-61.904761904761905,,2.27200141944641,0.43386215728810007,133.61084455274093,0.2953020134228188,24,St. Mary's_24
Stafford,kansas,2023,165.9090909090909,60.273972602739725,,-6.078808265257081,-1.5613195668597302,98.09893163646608,0.0738255033557047,20,Stafford_20
Stanislaus,california,2023,-44.71544715447154,-20.93023255813953,,0.6027811123719701,0.037008413971759996,140.50932538436462,0.41834451901565994,6,Stanislaus_6
Sublette,wyoming,2023,1180.0,-17.94871794871795,,-8.46091038987548,2.4794332723948798,88.95962556464255,0.042505592841163314,56,Sublette_56
Suffolk,massachusetts,2023,105.26315789473684,-16.12903225806451,,-4.32324344111351,-0.05033740368256,114.75996506122132,0.12304250559284116,25,Suffolk_25
Summit,colorado,2023,11.40350877192982,-13.01369863013698,,-1.1422266930590201,-0.5581668625146801,127.97592723599922,0.2348993288590604,8,Summit_8
Sumter,alabama,2023,50.0,0.0,,-7.17904068386892,-1.36260408781226,95.35742472264424,0.058165548098434,1,Sumter_1
Sussex,delaware,2023,285.7142857142857,26.845637583892618,,14.87429650070404,2.75378538255468,215.6609037050859,0.9440715883668904,10,Sussex_10
Sutter,california,2023,-64.0,-70.96774193548387,,1.66064682193714,-0.63001552212155,140.2894497107634,0.41387024608501116,6,Sutter_6
Suwannee,florida,2023,50.0,200.0,,4.41612530840444,1.5967404470873199,170.8003292902594,0.7874720357941835,12,Suwannee_12
Swain,north carolina,2023,400.0,-11.11111111111111,,-2.33700610569162,-0.14351320321469,116.96049368558536,0.1297539149888143,37,Swain_37
Talbot,georgia,2023,-75.0,-83.33333333333334,,-9.09379968203497,-0.67743616466909,91.59620662359849,0.04697986577181208,13,Talbot_13
Tallapoosa,alabama,2023,800.0,200.0,,0.35031454298754,-0.5768337692176,123.07980622497283,0.18344519015659955,1,Tallapoosa_1
Taos,new mexico,2023,-60.526315789473685,7.14285714285714,,5.217284932260919,-0.53483665799363,158.72872270371016,0.6756152125279642,35,Taos_35
Tarrant,texas,2023,81.25,-11.45038167938931,,4.87646568779588,1.26648809683964,164.90115566607489,0.7404921700223713,48,Tarrant_48
Tehama,california,2023,195.45454545454544,20.37037037037037,,1.37148926864319,-0.61716105912801,135.8185661567881,0.3333333333333333,6,Tehama_6
Teller,colorado,2023,-60.78431372549019,-23.07692307692307,,-1.9750726715247,-0.97747385358004,122.9164232533343,0.1789709172259508,8,Teller_8
Teton,idaho,2023,16.66666666666666,-82.05128205128204,,7.70749291906274,0.23963575365444,170.86831141166215,0.7897091722595079,16,Teton_16
Thomas,georgia,2023,0.0,0.0,,2.96612081021338,0.21514346556605998,151.803505206329,0.5794183445190156,13,Thomas_13
Tillamook,oregon,2023,-15.55555555555555,-24.0,,2.64694870834893,-0.37789324515824,146.42259524541177,0.49440715883668906,41,Tillamook_41
Tompkins,new york,2023,400.0,-44.44444444444444,,1.11209834112811,-0.71045743487473,128.11171016911646,0.2371364653243848,36,Tompkins_36
Transylvania,north carolina,2023,100.0,0.0,,-1.8260029848125698,0.52737242681209,130.08042974988857,0.26174496644295303,37,Transylvania_37
Travis,texas,2023,139.1509433962264,9.74025974025974,,7.0905651659109905,0.5582463937328099,169.7481701444918,0.7829977628635347,48,Travis_48
Trinity,california,2023,1400.0,100.0,,24.69165274130659,-0.68449740144505,216.5406182838547,0.9463087248322147,6,Trinity_6
Tulare,california,2023,143.5114503816794,35.16949152542373,,3.2026156452262105,0.33146119141883,151.40851881120577,0.5704697986577181,6,Tulare_6
Tulsa,oklahoma,2023,0.0,0.0,,5.43244148757957,0.8576775209323799,166.8748000202872,0.7516778523489933,40,Tulsa_40
Tuolumne,california,2023,287.5,-12.05673758865248,,-0.33647746704174997,-0.70163225676443,124.85539751570883,0.203579418344519,6,Tuolumne_6
Tuscaloosa,alabama,2023,66.66666666666666,66.66666666666666,,13.94687954531271,0.28856309941273,201.839607761526,0.9194630872483222,1,Tuscaloosa_1
Tuscola,michigan,2023,300.0,100.0,,0.36669009936731,-0.15498601345732,133.92628343874645,0.30201342281879195,26,Tuscola_26
Tyler,texas,2023,400.0,0.0,,-5.67818964320422,-0.14208025084513,102.23160162595951,0.07829977628635347,48,Tyler_48
Tyrrell,north carolina,2023,220.00000000000003,33.33333333333333,,-15.89307411907655,-0.34552260293694004,59.72530910976825,0.013422818791946308,37,Tyrrell_37
Uintah,utah,2023,233.33333333333334,11.11111111111111,,6.61488490326225,1.73296679603277,172.93331329649328,0.8008948545861297,49,Uintah_49
Ulster,new york,2023,400.0,-40.0,,2.19428532995549,0.007130320315928039,137.53964609577238,0.3713646532438479,36,Ulster_36
Utah,utah,2023,-7.69230769230769,0.0,,8.377352507491551,1.07942775955301,181.6481809431782,0.8478747203579419,49,Utah_49
Uvalde,texas,2023,41.50943396226415,-15.73033707865168,,-6.82047261731436,0.28123744475693,106.96324209158772,0.08501118568232663,48,Uvalde_48
Ventura,california,2023,72.64150943396226,84.84848484848484,,-2.1873695678318,-0.39393855711147996,125.42710833619347,0.2058165548098434,6,Ventura_6
Victoria,texas,2023,280.0,90.0,,-0.23291756459653,0.64782484572984,136.39273986186782,0.3512304250559284,48,Victoria_48
Vilas,wisconsin,2023,100.0,100.0,,8.92466253192265,0.6023081459017701,181.33848462601563,0.8456375838926175,55,Vilas_55
Volusia,florida,2023,-3.84615384615384,-28.57142857142857,,8.10399541476759,1.84451364149983,184.37777163075754,0.8702460850111857,12,Volusia_12
Wake,north carolina,2023,220.00000000000003,33.33333333333333,,9.072157012956419,1.66530290114778,184.39087776820566,0.87248322147651,37,Wake_37
Wakulla,florida,2023,342.85714285714283,-3.125,,12.45179403325826,3.63956893855384,208.31372843345133,0.9261744966442953,12,Wakulla_12
Waldo,maine,2023,100.0,0.0,,2.42832286859823,0.9067196621537601,151.55241132668996,0.5749440715883669,23,Waldo_23
Walla Walla,washington,2023,48.48484848484848,-55.85585585585585,,1.57221809783057,-0.46076988990024,138.92484938369768,0.3870246085011186,53,Walla Walla_53
Wallowa,oregon,2023,4200.0,2766.666666666667,,8.72768489657126,0.31372549019607,157.6715475387004,0.6621923937360179,41,Wallowa_41
Walton,florida,2023,533.3333333333333,-24.0,,22.08618447096081,3.5370006234712896,246.39846027654008,0.9798657718120806,12,Walton_12
Wasco,oregon,2023,-12.0,4.76190476190476,,-0.37454600484260997,-0.83600075315383,130.64031451320702,0.2662192393736018,41,Wasco_41
Washoe,nevada,2023,1500.0,23.07692307692307,,7.250502849119419,0.20966638496517997,139.68009343979492,0.4004474272930649,32,Washoe_32
Washtenaw,michigan,2023,650.0,25.0,,-1.06824941878246,-0.26411717198175,117.49095151873024,0.1342281879194631,26,Washtenaw_26
Watauga,north carolina,2023,1300.0,75.0,,-2.29503515722597,-0.4817043244324,98.03989713842442,0.07158836689038031,37,Watauga_37
Waukesha,wisconsin,2023,440.00000000000006,350.0,,2.5014781800746198,0.56498965323089,151.22016870518598,0.5682326621923938,55,Waukesha_55
Waupaca,wisconsin,2023,200.0,50.0,,0.5045961275180899,-0.23684721413317003,134.92338051623952,0.31767337807606266,55,Waupaca_55
Weber,utah,2023,777.7777777777777,119.44444444444444,,6.346965353523889,0.9151636606546399,157.75987356313522,0.6644295302013423,49,Weber_49
Westchester,new york,2023,28.57142857142857,12.5,,2.33461025621428,-0.09266579008929,146.75756477074984,0.4966442953020134,36,Westchester_36
Whatcom,washington,2023,157.77777777777774,36.47058823529411,,2.98494207294058,0.57285839426187,151.65772496312007,0.5771812080536913,53,Whatcom_53
White Pine,nevada,2023,40.0,133.33333333333331,,-10.67085953878406,-2.56117082094671,75.75117654400935,0.024608501118568233,32,White Pine_32
Will,illinois,2023,0.0,-70.0,,1.38595295659836,0.38421536689559,144.01360851135868,0.465324384787472,17,Will_17
Windham,connecticut,2023,0.0,-25.0,,-60.732622011122594,0.14597267914332998,-135.48091938345294,0.0044742729306487695,9,Windham_9
Windsor,vermont,2023,0.0,16.66666666666666,,5.2478081298456605,-0.08426483233018,160.61174604565463,0.7024608501118568,50,Windsor_50
Winnebago,illinois,2023,100.0,-71.42857142857143,,-0.9547650107534399,-0.22021581149526,127.58011256133912,0.22371364653243847,17,Winnebago_17
Worcester,maryland,2023,39.47368421052631,51.42857142857142,,4.25519630484988,0.43942596506841,159.4260363427978,0.6823266219239373,24,Worcester_24
Yakima,washington,2023,500.0,-45.454545454545446,,2.42694422937237,-0.1462926865329,135.36953833150994,0.3221476510067114,53,Yakima_53
Yancey,north carolina,2023,666.6666666666667,76.92307692307693,,5.95870866670396,0.9057971014492701,157.26484683489969,0.6554809843400448,37,Yancey_37
Yolo,california,2023,-36.36363636363636,3.4090909090909,,0.19353255980882,-0.6639101334126,134.74608510223533,0.3131991051454139,6,Yolo_6
York,maine,2023,-43.36283185840708,-51.515151515151516,,6.17722920886583,0.75409080433279,169.2214063796663,0.7785234899328859,23,York_23
Yuba,california,2023,24.0,19.23076923076923,,10.52774088734737,1.6229416855357799,194.48853065590075,0.8948545861297539,6,Yuba_6
